ProductName, Pricing, Rtaings
APPLE iPhone 11 (Black| 128 GB),Rs.46990,4.61,44,728
APPLE iPhone 11 (White| 128 GB),Rs.46990,4.61,44,728
APPLE iPhone 11 (Red| 64 GB),Rs.41990,4.61,44,728
APPLE iPhone 11 (White| 64 GB),Rs.41990,4.61,44,728
APPLE iPhone 11 (Red| 128 GB),Rs.46990,4.61,44,728
APPLE iPhone 11 (Black| 64 GB),Rs.41990,4.61,44,728
APPLE iPhone 13 (Pink| 128 GB),Rs.66990,4.71,26,925
APPLE iPhone 13 (Starlight| 128 GB),Rs.66990,4.71,26,925
APPLE iPhone 13 (Midnight| 128 GB),Rs.66990,4.71,26,925
APPLE iPhone 13 (Green| 128 GB),Rs.66990,4.71,26,925
APPLE iPhone 13 ((PRODUCT)RED| 128 GB),Rs.66990,4.71,26,925
APPLE iPhone 11 (Green| 128 GB),Rs.46990,4.61,44,728
APPLE iPhone 11 (Purple| 64 GB),Rs.41990,4.61,44,728
APPLE iPhone 12 Mini (Blue| 64 GB),Rs.54990,4.51,12,954
APPLE iPhone 11 (Green| 64 GB),Rs.41990,4.61,44,728
APPLE iPhone 13 (Blue| 128 GB),Rs.66990,4.71,26,925
APPLE iPhone 11 (Purple| 128 GB),Rs.46990,4.61,44,728
APPLE iPhone 12 Mini (White| 64 GB),Rs.54990,4.51,12,954
APPLE iPhone 12 Mini (Black| 64 GB),Rs.54990,4.51,12,954
APPLE iPhone 13 (Midnight| 256 GB),Rs.75990,4.71,26,925
APPLE iPhone 13 (Starlight| 256 GB),Rs.75990,4.71,26,925
APPLE iPhone 14 (Blue| 128 GB),Rs.79900Free deliveryUpto ,4.7258
APPLE iPhone 12 Mini (White| 128 GB),Rs.59990,4.51,12,954
APPLE iPhone 13 (Blue| 256 GB),Rs.75990,4.71,26,925
